model_id,attack_id,n_seeds,C@0.2_mean,C@0.2_std,C@0.2_ci_lower,C@0.2_ci_upper,C@0.2_frac_inf,C@0.5_mean,C@0.5_std,C@0.5_ci_lower,C@0.5_ci_upper,C@0.5_frac_inf,C@0.8_mean,C@0.8_std,C@0.8_ci_lower,C@0.8_ci_upper,C@0.8_frac_inf,AE_mean,AE_std,AE_ci_lower,AE_ci_upper,EE_mean,EE_std,EE_ci_lower,EE_ci_upper,ER_mean,ER_std,ER_ci_lower,ER_ci_upper,CAURC_mean,CAURC_std,CAURC_ci_lower,CAURC_ci_upper,log_CAURC_mean,log_CAURC_std,log_CAURC_ci_lower,log_CAURC_ci_upper,R@10_mean,R@10_std,R@10_ci_lower,R@10_ci_upper,R@100_mean,R@100_std,R@100_ci_lower,R@100_ci_upper,R@1000_mean,R@1000_std,R@1000_ci_lower,R@1000_ci_upper
qwen3-8b,gcg,1,38.51905040000002,0.0,38.51905040000002,38.51905040000002,0.0,,,,,1.0,,,,,1.0,0.0043745796165694,0.0,0.0043745796165694,0.0043745796165694,0.0050427250934815,0.0,0.0050427250934815,0.0050427250934815,0.3571428443877555,0.0,0.3571428443877555,0.3571428443877555,10.049410864,0.0,10.049410864,10.049410864,0.1284182762499457,0.0,0.1284182762499457,0.1284182762499457,0.0289513714814746,0.0,0.0289513714814746,0.0289513714814746,0.28,0.0,0.28,0.28,0.28,0.0,0.28,0.28
