{
  "qwen2.5-3b-instruct/pair": {
    "risk_curve": {
      "0": 0.0,
      "1": 0.06,
      "3": 0.76,
      "5": 0.96,
      "10": 1.0
    },
    "risk_curve_ci": {
      "0": [
        0.0,
        0.0,
        0.0
      ],
      "1": [
        0.05999999865889549,
        0.0,
        0.14000000059604645
      ],
      "3": [
        0.7599999904632568,
        0.6399999856948853,
        0.8799999952316284
      ],
      "5": [
        0.9599999785423279,
        0.8999999761581421,
        1.0
      ],
      "10": [
        1.0,
        1.0,
        1.0
      ]
    },
    "aurc": 7.470000000000001,
    "delta_r": 1.0,
    "lambda_star": 3,
    "aurc_ci": [
      7.07974989367649,
      7.830500095989555
    ],
    "delta_r_ci": [
      1.0,
      1.0
    ],
    "n_prompts": 50
  }
}